Workbook

Sheet README
A1: VCU Bill of Materials v4.1 — workbook
A3: Sheets:
A4: Framework | B4: Key facts of the LCA framework (goal, FU, stages, methods, conventions)
A5: BOM_Data | B5: Tidy long-format data (one row per component-material pair) — PIVOT SOURCE: select all, Insert > PivotTable
A6: By_Component | B6: Material x component matrix (SUMIFS formulas) + stacked composition chart
A7: By_Material | B7: Material totals for the whole 660 g device + % of device + charts (majors in g, trace in mg)
A9: Source tags: | B9: [D]=datasheet [L]=literature [R]=regulatory [A]=assumption (declared, with range)
A10: Full citations: | B10: See BOM_v4.md Notes section (Zhu 2023 doi:10.1016/j.psep.2023.03.018; Lee 2012 doi:10.1016/j.jhazmat.2012.09.053; Oke & Potgieter 2024 doi:10.1007/s10163-024-01917-7; M-CAL/TE connector specs)
A11: Note: | B11: Central values shown; ranges are Monte Carlo inputs. Sums close to ~660 g (datasheet total).

Sheet Framework
A1: LCA framework v4 — key facts (full text: LCA_framework_v4.md)
A3: Goal | B3: Multi-impact footprint of 1 VCU, cradle-to-grave; compare EoL strategies; AR-DPP intervenes at dismantling & separation (gateway of recycling)
A4: Functional unit | B4: 1 VCU in a BEV in Germany, 15 years x 15,000 km/yr (225,000 km); temporal boundary = vehicle EoL, not race maintenance
A5: Stage 1 | B5: Materials & Construction — cradle-to-Bosch-gate incl. component manufacturing; inbound transport embedded in ecoinvent market datasets
A6: Stage 2 | B6: Hardware assembly (Bosch): die-casting, SMT/solder, test — process energy only; software excluded by declaration
A7: Stage 3 | B7: Distribution Bosch -> OEM (short truck leg)
A8: Stage 4 | B8: Use: VCU's own electricity only (48 W max, duty cycle TBD), German grid; carried-mass energy excluded
A9: Stage 5 | B9: End-of-Life scenarios: Sc1 no recycling (as built) / Sc2 current practice / Sc3 AR-guided dismantling / Sc4 full disassembly+reuse — Sc2-4 datasets+literature
A10: Database | B10: ecoinvent 3.8 APOS, openLCA 2.6.2, IPC-scripted build
A11: Recycling benefit | B11: Explicit at EoL: recovered mass x recovery rate x avoided virgin production, reported as SAVING (net = gross - saving)
A12: Methods | B12: EF 3.1 (primary; screening by normalization+weighting, >=80% rule; resource-minerals&metals + climate pinned) + ReCiPe 2016 Midpoint (H) + Endpoint (H,A)
A13: Data quality | B13: Every number tagged [D]/[L]/[R]/[A]; 1% cut-off unless impact-relevant; no untagged numbers

Sheet BOM_Data
A1: Comp# | B1: Component | C1: Material | D1: Mass_g | E1: CompTotal_g | F1: CompMin_g | G1: CompMax_g | H1: MassTag
A2: 1 | B2: Housing (HPDC, 2 shells) | C2: Aluminium | D2: 344 | E2: 344 | F2: 300 | G2: 380 | H2: [A] geometry
A3: 2 | B3: Fasteners | C3: Steel/Fe | D3: 12 | E3: 12 | F3: 8 | G3: 20 | H3: [A]
A4: 3 | B4: Bare PCB 4-layer | C4: Glass fibre | D4: 29 | E4: 63 | F4: 55 | G4: 70 | H4: [A+ind.spec]
A5: 3 | B5: Bare PCB 4-layer | C5: Polymers/epoxy | D5: 20 | E5: 63 | F5: 55 | G5: 70 | H5: [A+ind.spec]
A6: 3 | B6: Bare PCB 4-layer | C6: Copper | D6: 14 | E6: 63 | F6: 55 | G6: 70 | H6: [A+ind.spec]
A7: 4 | B7: Connectors 3x AS018-35 | C7: Aluminium | D7: 95 | E7: 150 | F7: 135 | G7: 165 | H7: [A] split of sourced 150 g
A8: 4 | B8: Connectors 3x AS018-35 | C8: Copper | D8: 35 | E8: 150 | F8: 135 | G8: 165 | H8: [A] split
A9: 4 | B9: Connectors 3x AS018-35 | C9: Polymers/epoxy | D9: 15 | E9: 150 | F9: 135 | G9: 165 | H9: [A] split
A10: 4 | B10: Connectors 3x AS018-35 | C10: Silicone | D10: 4.5 | E10: 150 | F10: 135 | G10: 165 | H10: [A] split
A11: 4 | B11: Connectors 3x AS018-35 | C11: Nickel | D11: 0.5 | E11: 150 | F11: 135 | G11: 165 | H11: [A]
A12: 4 | B12: Connectors 3x AS018-35 | C12: Gold | D12: 0.06 | E12: 150 | F12: 135 | G12: 165 | H12: [A] plating calc
A13: 5 | B13: Processors 2x FCBGA | C13: Polymers/epoxy | D13: 3.5 | E13: 7 | F13: 4 | G13: 10 | H13: [A]
... A50: 17 | B50: Labels/adhesives/misc | C50: Polymers/epoxy | D50: 5 | E50: 5 | F50: 2 | G50: 10 | H50: [A] balancing

Sheet By_Component
A1: Component | B1: Aluminium | C1: Copper | D1: Polymers/epoxy | E1: Glass fibre | F1: Ceramics | G1: Steel/Fe | H1: Silicone | I1: Tin (solder) | J1: Silicon | K1: Mixed terminations | L1: Nickel | M1: Tantalum | N1: Gold | O1: Silver | P1: Palladium | Q1: Other | R1: Total_g
A2: Housing (HPDC, 2 shells) | B2: =SUMIFS(BOM_Data!$D:$D,BOM_Data!$A:$A,1,BOM_Data!$C:$C,"Aluminium") -> 344 | C2: =SUMIFS(BOM_Data!$D:$D,BOM_Data!$A:$A,1,BOM_Data!$C:$C,"Copper") -> 0 | D2: =SUMIFS(BOM_Data!$D:$D,BOM_Data!$A:$A,1,BOM_Data!$C:$C,"Polymers/epoxy") -> 0 | E2: =SUMIFS(BOM_Data!$D:$D,BOM_Data!$A:$A,1,BOM_Data!$C:$C,"Glass fibre") -> 0 | F2: =SUMIFS(BOM_Data!$D:$D,BOM_Data!$A:$A,1,BOM_Data!$C:$C,"Ceramics") -> 0 | G2: =SUMIFS(BOM_Data!$D:$D,BOM_Data!$A:$A,1,BOM_Data!$C:$C,"Steel/Fe") -> 0 | H2: =SUMIFS(BOM_Data!$D:$D,BOM_Data!$A:$A,1,BOM_Data!$C:$C,"Silicone") -> 0 | I2: =SUMIFS(BOM_Data!$D:$D,BOM_Data!$A:$A,1,BOM_Data!$C:$C,"Tin (solder)") -> 0 | J2: =SUMIFS(BOM_Data!$D:$D,BOM_Data!$A:$A,1,BOM_Data!$C:$C,"Silicon") -> 0 | K2: =SUMIFS(BOM_Data!$D:$D,BOM_Data!$A:$A,1,BOM_Data!$C:$C,"Mixed terminations") -> 0 | L2: =SUMIFS(BOM_Data!$D:$D,BOM_Data!$A:$A,1,BOM_Data!$C:$C,"Nickel") -> 0 | M2: =SUMIFS(BOM_Data!$D:$D,BOM_Data!$A:$A,1,BOM_Data!$C:$C,"Tantalum") -> 0 | N2: =SUMIFS(BOM_Data!$D:$D,BOM_Data!$A:$A,1,BOM_Data!$C:$C,"Gold") -> 0 | O2: =SUMIFS(BOM_Data!$D:$D,BOM_Data!$A:$A,1,BOM_Data!$C:$C,"Silver") -> 0 | P2: =SUMIFS(BOM_Data!$D:$D,BOM_Data!$A:$A,1,BOM_Data!$C:$C,"Palladium") -> 0 | Q2: =SUMIFS(BOM_Data!$D:$D,BOM_Data!$A:$A,1,BOM_Data!$C:$C,"Other") -> 0 | R2: =SUM(B2:Q2) -> 344
A3: Fasteners | B3: =SUMIFS(BOM_Data!$D:$D,BOM_Data!$A:$A,2,BOM_Data!$C:$C,"Aluminium") -> 0 | C3: =SUMIFS(BOM_Data!$D:$D,BOM_Data!$A:$A,2,BOM_Data!$C:$C,"Copper") -> 0 | D3: =SUMIFS(BOM_Data!$D:$D,BOM_Data!$A:$A,2,BOM_Data!$C:$C,"Polymers/epoxy") -> 0 | E3: =SUMIFS(BOM_Data!$D:$D,BOM_Data!$A:$A,2,BOM_Data!$C:$C,"Glass fibre") -> 0 | F3: =SUMIFS(BOM_Data!$D:$D,BOM_Data!$A:$A,2,BOM_Data!$C:$C,"Ceramics") -> 0 | G3: =SUMIFS(BOM_Data!$D:$D,BOM_Data!$A:$A,2,BOM_Data!$C:$C,"Steel/Fe") -> 12 | H3: =SUMIFS(BOM_Data!$D:$D,BOM_Data!$A:$A,2,BOM_Data!$C:$C,"Silicone") -> 0 | I3: =SUMIFS(BOM_Data!$D:$D,BOM_Data!$A:$A,2,BOM_Data!$C:$C,"Tin (solder)") -> 0 | J3: =SUMIFS(BOM_Data!$D:$D,BOM_Data!$A:$A,2,BOM_Data!$C:$C,"Silicon") -> 0 | K3: =SUMIFS(BOM_Data!$D:$D,BOM_Data!$A:$A,2,BOM_Data!$C:$C,"Mixed terminations") -> 0 | L3: =SUMIFS(BOM_Data!$D:$D,BOM_Data!$A:$A,2,BOM_Data!$C:$C,"Nickel") -> 0 | M3: =SUMIFS(BOM_Data!$D:$D,BOM_Data!$A:$A,2,BOM_Data!$C:$C,"Tantalum") -> 0 | N3: =SUMIFS(BOM_Data!$D:$D,BOM_Data!$A:$A,2,BOM_Data!$C:$C,"Gold") -> 0 | O3: =SUMIFS(BOM_Data!$D:$D,BOM_Data!$A:$A,2,BOM_Data!$C:$C,"Silver") -> 0 | P3: =SUMIFS(BOM_Data!$D:$D,BOM_Data!$A:$A,2,BOM_Data!$C:$C,"Palladium") -> 0 | Q3: =SUMIFS(BOM_Data!$D:$D,BOM_Data!$A:$A,2,BOM_Data!$C:$C,"Other") -> 0 | R3: =SUM(B3:Q3) -> 12
A4: Bare PCB 4-layer | B4: =SUMIFS(BOM_Data!$D:$D,BOM_Data!$A:$A,3,BOM_Data!$C:$C,"Aluminium") -> 0 | C4: =SUMIFS(BOM_Data!$D:$D,BOM_Data!$A:$A,3,BOM_Data!$C:$C,"Copper") -> 14 | D4: =SUMIFS(BOM_Data!$D:$D,BOM_Data!$A:$A,3,BOM_Data!$C:$C,"Polymers/epoxy") -> 20 | E4: =SUMIFS(BOM_Data!$D:$D,BOM_Data!$A:$A,3,BOM_Data!$C:$C,"Glass fibre") -> 29 | F4: =SUMIFS(BOM_Data!$D:$D,BOM_Data!$A:$A,3,BOM_Data!$C:$C,"Ceramics") -> 0 | G4: =SUMIFS(BOM_Data!$D:$D,BOM_Data!$A:$A,3,BOM_Data!$C:$C,"Steel/Fe") -> 0 | H4: =SUMIFS(BOM_Data!$D:$D,BOM_Data!$A:$A,3,BOM_Data!$C:$C,"Silicone") -> 0 | I4: =SUMIFS(BOM_Data!$D:$D,BOM_Data!$A:$A,3,BOM_Data!$C:$C,"Tin (solder)") -> 0 | J4: =SUMIFS(BOM_Data!$D:$D,BOM_Data!$A:$A,3,BOM_Data!$C:$C,"Silicon") -> 0 | K4: =SUMIFS(BOM_Data!$D:$D,BOM_Data!$A:$A,3,BOM_Data!$C:$C,"Mixed terminations") -> 0 | L4: =SUMIFS(BOM_Data!$D:$D,BOM_Data!$A:$A,3,BOM_Data!$C:$C,"Nickel") -> 0 | M4: =SUMIFS(BOM_Data!$D:$D,BOM_Data!$A:$A,3,BOM_Data!$C:$C,"Tantalum") -> 0 | N4: =SUMIFS(BOM_Data!$D:$D,BOM_Data!$A:$A,3,BOM_Data!$C:$C,"Gold") -> 0 | O4: =SUMIFS(BOM_Data!$D:$D,BOM_Data!$A:$A,3,BOM_Data!$C:$C,"Silver") -> 0 | P4: =SUMIFS(BOM_Data!$D:$D,BOM_Data!$A:$A,3,BOM_Data!$C:$C,"Palladium") -> 0 | Q4: =SUMIFS(BOM_Data!$D:$D,BOM_Data!$A:$A,3,BOM_Data!$C:$C,"Other") -> 0 | R4: =SUM(B4:Q4) -> 63
A5: Connectors 3x AS018-35 | B5: =SUMIFS(BOM_Data!$D:$D,BOM_Data!$A:$A,4,BOM_Data!$C:$C,"Aluminium") -> 95 | C5: =SUMIFS(BOM_Data!$D:$D,BOM_Data!$A:$A,4,BOM_Data!$C:$C,"Copper") -> 35 | D5: =SUMIFS(BOM_Data!$D:$D,BOM_Data!$A:$A,4,BOM_Data!$C:$C,"Polymers/epoxy") -> 15 | E5: =SUMIFS(BOM_Data!$D:$D,BOM_Data!$A:$A,4,BOM_Data!$C:$C,"Glass fibre") -> 0 | F5: =SUMIFS(BOM_Data!$D:$D,BOM_Data!$A:$A,4,BOM_Data!$C:$C,"Ceramics") -> 0 | G5: =SUMIFS(BOM_Data!$D:$D,BOM_Data!$A:$A,4,BOM_Data!$C:$C,"Steel/Fe") -> 0 | H5: =SUMIFS(BOM_Data!$D:$D,BOM_Data!$A:$A,4,BOM_Data!$C:$C,"Silicone") -> 4.5 | I5: =SUMIFS(BOM_Data!$D:$D,BOM_Data!$A:$A,4,BOM_Data!$C:$C,"Tin (solder)") -> 0 | J5: =SUMIFS(BOM_Data!$D:$D,BOM_Data!$A:$A,4,BOM_Data!$C:$C,"Silicon") -> 0 | K5: =SUMIFS(BOM_Data!$D:$D,BOM_Data!$A:$A,4,BOM_Data!$C:$C,"Mixed terminations") -> 0 | L5: =SUMIFS(BOM_Data!$D:$D,BOM_Data!$A:$A,4,BOM_Data!$C:$C,"Nickel") -> 0.5 | M5: =SUMIFS(BOM_Data!$D:$D,BOM_Data!$A:$A,4,BOM_Data!$C:$C,"Tantalum") -> 0 | N5: =SUMIFS(BOM_Data!$D:$D,BOM_Data!$A:$A,4,BOM_Data!$C:$C,"Gold") -> 0.06 | O5: =SUMIFS(BOM_Data!$D:$D,BOM_Data!$A:$A,4,BOM_Data!$C:$C,"Silver") -> 0 | P5: =SUMIFS(BOM_Data!$D:$D,BOM_Data!$A:$A,4,BOM_Data!$C:$C,"Palladium") -> 0 | Q5: =SUMIFS(BOM_Data!$D:$D,BOM_Data!$A:$A,4,BOM_Data!$C:$C,"Other") -> 0 | R5: =SUM(B5:Q5) -> 150.06
A6: Processors 2x FCBGA | B6: =SUMIFS(BOM_Data!$D:$D,BOM_Data!$A:$A,5,BOM_Data!$C:$C,"Aluminium") -> 0 | C6: =SUMIFS(BOM_Data!$D:$D,BOM_Data!$A:$A,5,BOM_Data!$C:$C,"Copper") -> 1.7 | D6: =SUMIFS(BOM_Data!$D:$D,BOM_Data!$A:$A,5,BOM_Data!$C:$C,"Polymers/epoxy") -> 3.5 | E6: =SUMIFS(BOM_Data!$D:$D,BOM_Data!$A:$A,5,BOM_Data!$C:$C,"Glass fibre") -> 0 | F6: =SUMIFS(BOM_Data!$D:$D,BOM_Data!$A:$A,5,BOM_Data!$C:$C,"Ceramics") -> 0 | G6: =SUMIFS(BOM_Data!$D:$D,BOM_Data!$A:$A,5,BOM_Data!$C:$C,"Steel/Fe") -> 0 | H6: =SUMIFS(BOM_Data!$D:$D,BOM_Data!$A:$A,5,BOM_Data!$C:$C,"Silicone") -> 0 | I6: =SUMIFS(BOM_Data!$D:$D,BOM_Data!$A:$A,5,BOM_Data!$C:$C,"Tin (solder)") -> 0.6 | J6: =SUMIFS(BOM_Data!$D:$D,BOM_Data!$A:$A,5,BOM_Data!$C:$C,"Silicon") -> 0.9 | K6: =SUMIFS(BOM_Data!$D:$D,BOM_Data!$A:$A,5,BOM_Data!$C:$C,"Mixed terminations") -> 0 | L6: =SUMIFS(BOM_Data!$D:$D,BOM_Data!$A:$A,5,BOM_Data!$C:$C,"Nickel") -> 0 | M6: =SUMIFS(BOM_Data!$D:$D,BOM_Data!$A:$A,5,BOM_Data!$C:$C,"Tantalum") -> 0 | N6: =SUMIFS(BOM_Data!$D:$D,BOM_Data!$A:$A,5,BOM_Data!$C:$C,"Gold") -> 0 | O6: =SUMIFS(BOM_Data!$D:$D,BOM_Data!$A:$A,5,BOM_Data!$C:$C,"Silver") -> 0 | P6: =SUMIFS(BOM_Data!$D:$D,BOM_Data!$A:$A,5,BOM_Data!$C:$C,"Palladium") -> 0 | Q6: =SUMIFS(BOM_Data!$D:$D,BOM_Data!$A:$A,5,BOM_Data!$C:$C,"Other") -> 0.3 | R6: =SUM(B6:Q6) -> 7
A7: Flash 2x 4GB | B7: =SUMIFS(BOM_Data!$D:$D,BOM_Data!$A:$A,6,BOM_Data!$C:$C,"Aluminium") -> 0 | C7: =SUMIFS(BOM_Data!$D:$D,BOM_Data!$A:$A,6,BOM_Data!$C:$C,"Copper") -> 0.25 | D7: =SUMIFS(BOM_Data!$D:$D,BOM_Data!$A:$A,6,BOM_Data!$C:$C,"Polymers/epoxy") -> 0.5 | E7: =SUMIFS(BOM_Data!$D:$D,BOM_Data!$A:$A,6,BOM_Data!$C:$C,"Glass fibre") -> 0 | F7: =SUMIFS(BOM_Data!$D:$D,BOM_Data!$A:$A,6,BOM_Data!$C:$C,"Ceramics") -> 0 | G7: =SUMIFS(BOM_Data!$D:$D,BOM_Data!$A:$A,6,BOM_Data!$C:$C,"Steel/Fe") -> 0 | H7: =SUMIFS(BOM_Data!$D:$D,BOM_Data!$A:$A,6,BOM_Data!$C:$C,"Silicone") -> 0 | I7: =SUMIFS(BOM_Data!$D:$D,BOM_Data!$A:$A,6,BOM_Data!$C:$C,"Tin (solder)") -> 0.1 | J7: =SUMIFS(BOM_Data!$D:$D,BOM_Data!$A:$A,6,BOM_Data!$C:$C,"Silicon") -> 0.15 | K7: =SUMIFS(BOM_Data!$D:$D,BOM_Data!$A:$A,6,BOM_Data!$C:$C,"Mixed terminations") -> 0 | L7: =SUMIFS(BOM_Data!$D:$D,BOM_Data!$A:$A,6,BOM_Data!$C:$C,"Nickel") -> 0 | M7: =SUMIFS(BOM_Data!$D:$D,BOM_Data!$A:$A,6,BOM_Data!$C:$C,"Tantalum") -> 0 | N7: =SUMIFS(BOM_Data!$D:$D,BOM_Data!$A:$A,6,BOM_Data!$C:$C,"Gold") -> 0 | O7: =SUMIFS(BOM_Data!$D:$D,BOM_Data!$A:$A,6,BOM_Data!$C:$C,"Silver") -> 0 | P7: =SUMIFS(BOM_Data!$D:$D,BOM_Data!$A:$A,6,BOM_Data!$C:$C,"Palladium") -> 0 | Q7: =SUMIFS(BOM_Data!$D:$D,BOM_Data!$A:$A,6,BOM_Data!$C:$C,"Other") -> 0 | R7: =SUM(B7:Q7) -> 1
A8: MEMS IMU + pressure | B8: =SUMIFS(BOM_Data!$D:$D,BOM_Data!$A:$A,7,BOM_Data!$C:$C,"Aluminium") -> 0 | C8: =SUMIFS(BOM_Data!$D:$D,BOM_Data!$A:$A,7,BOM_Data!$C:$C,"Copper") -> 0.2 | D8: =SUMIFS(BOM_Data!$D:$D,BOM_Data!$A:$A,7,BOM_Data!$C:$C,"Polymers/epoxy") -> 0 | E8: =SUMIFS(BOM_Data!$D:$D,BOM_Data!$A:$A,7,BOM_Data!$C:$C,"Glass fibre") -> 0 | F8: =SUMIFS(BOM_Data!$D:$D,BOM_Data!$A:$A,7,BOM_Data!$C:$C,"Ceramics") -> 0.6 | G8: =SUMIFS(BOM_Data!$D:$D,BOM_Data!$A:$A,7,BOM_Data!$C:$C,"Steel/Fe") -> 0 | H8: =SUMIFS(BOM_Data!$D:$D,BOM_Data!$A:$A,7,BOM_Data!$C:$C,"Silicone") -> 0 | I8: =SUMIFS(BOM_Data!$D:$D,BOM_Data!$A:$A,7,BOM_Data!$C:$C,"Tin (solder)") -> 0 | J8: =SUMIFS(BOM_Data!$D:$D,BOM_Data!$A:$A,7,BOM_Data!$C:$C,"Silicon") -> 0.2 | K8: =SUMIFS(BOM_Data!$D:$D,BOM_Data!$A:$A,7,BOM_Data!$C:$C,"Mixed terminations") -> 0 | L8: =SUMIFS(BOM_Data!$D:$D,BOM_Data!$A:$A,7,BOM_Data!$C:$C,"Nickel") -> 0 | M8: =SUMIFS(BOM_Data!$D:$D,BOM_Data!$A:$A,7,BOM_Data!$C:$C,"Tantalum") -> 0 | N8: =SUMIFS(BOM_Data!$D:$D,BOM_Data!$A:$A,7,BOM_Data!$C:$C,"Gold") -> 0 | O8: =SUMIFS(BOM_Data!$D:$D,BOM_Data!$A:$A,7,BOM_Data!$C:$C,"Silver") -> 0 | P8: =SUMIFS(BOM_Data!$D:$D,BOM_Data!$A:$A,7,BOM_Data!$C:$C,"Palladium") -> 0 | Q8: =SUMIFS(BOM_Data!$D:$D,BOM_Data!$A:$A,7,BOM_Data!$C:$C,"Other") -> 0 | R8: =SUM(B8:Q8) -> 1
A9: Power stages 6x | B9: =SUMIFS(BOM_Data!$D:$D,BOM_Data!$A:$A,8,BOM_Data!$C:$C,"Aluminium") -> 0 | C9: =SUMIFS(BOM_Data!$D:$D,BOM_Data!$A:$A,8,BOM_Data!$C:$C,"Copper") -> 4.5 | D9: =SUMIFS(BOM_Data!$D:$D,BOM_Data!$A:$A,8,BOM_Data!$C:$C,"Polymers/epoxy") -> 3.6 | E9: =SUMIFS(BOM_Data!$D:$D,BOM_Data!$A:$A,8,BOM_Data!$C:$C,"Glass fibre") -> 0 | F9: =SUMIFS(BOM_Data!$D:$D,BOM_Data!$A:$A,8,BOM_Data!$C:$C,"Ceramics") -> 0 | G9: =SUMIFS(BOM_Data!$D:$D,BOM_Data!$A:$A,8,BOM_Data!$C:$C,"Steel/Fe") -> 0 | H9: =SUMIFS(BOM_Data!$D:$D,BOM_Data!$A:$A,8,BOM_Data!$C:$C,"Silicone") -> 0 | I9: =SUMIFS(BOM_Data!$D:$D,BOM_Data!$A:$A,8,BOM_Data!$C:$C,"Tin (solder)") -> 0 | J9: =SUMIFS(BOM_Data!$D:$D,BOM_Data!$A:$A,8,BOM_Data!$C:$C,"Silicon") -> 0.9 | K9: =SUMIFS(BOM_Data!$D:$D,BOM_Data!$A:$A,8,BOM_Data!$C:$C,"Mixed terminations") -> 0 | L9: =SUMIFS(BOM_Data!$D:$D,BOM_Data!$A:$A,8,BOM_Data!$C:$C,"Nickel") -> 0 | M9: =SUMIFS(BOM_Data!$D:$D,BOM_Data!$A:$A,8,BOM_Data!$C:$C,"Tantalum") -> 0 | N9: =SUMIFS(BOM_Data!$D:$D,BOM_Data!$A:$A,8,BOM_Data!$C:$C,"Gold") -> 0 | O9: =SUMIFS(BOM_Data!$D:$D,BOM_Data!$A:$A,8,BOM_Data!$C:$C,"Silver") -> 0 | P9: =SUMIFS(BOM_Data!$D:$D,BOM_Data!$A:$A,8,BOM_Data!$C:$C,"Palladium") -> 0 | Q9: =SUMIFS(BOM_Data!$D:$D,BOM_Data!$A:$A,8,BOM_Data!$C:$C,"Other") -> 0 | R9: =SUM(B9:Q9) -> 9
A10: Regulators ~10x | B10: =SUMIFS(BOM_Data!$D:$D,BOM_Data!$A:$A,9,BOM_Data!$C:$C,"Aluminium") -> 0 | C10: =SUMIFS(BOM_Data!$D:$D,BOM_Data!$A:$A,9,BOM_Data!$C:$C,"Copper") -> 1.2 | D10: =SUMIFS(BOM_Data!$D:$D,BOM_Data!$A:$A,9,BOM_Data!$C:$C,"Polymers/epoxy") -> 1.5 | E10: =SUMIFS(BOM_Data!$D:$D,BOM_Data!$A:$A,9,BOM_Data!$C:$C,"Glass fibre") -> 0 | F10: =SUMIFS(BOM_Data!$D:$D,BOM_Data!$A:$A,9,BOM_Data!$C:$C,"Ceramics") -> 0 | G10: =SUMIFS(BOM_Data!$D:$D,BOM_Data!$A:$A,9,BOM_Data!$C:$C,"Steel/Fe") -> 0 | H10: =SUMIFS(BOM_Data!$D:$D,BOM_Data!$A:$A,9,BOM_Data!$C:$C,"Silicone") -> 0 | I10: =SUMIFS(BOM_Data!$D:$D,BOM_Data!$A:$A,9,BOM_Data!$C:$C,"Tin (solder)") -> 0 | J10: =SUMIFS(BOM_Data!$D:$D,BOM_Data!$A:$A,9,BOM_Data!$C:$C,"Silicon") -> 0.3 | K10: =SUMIFS(BOM_Data!$D:$D,BOM_Data!$A:$A,9,BOM_Data!$C:$C,"Mixed terminations") -> 0 | L10: =SUMIFS(BOM_Data!$D:$D,BOM_Data!$A:$A,9,BOM_Data!$C:$C,"Nickel") -> 0 | M10: =SUMIFS(BOM_Data!$D:$D,BOM_Data!$A:$A,9,BOM_Data!$C:$C,"Tantalum") -> 0 | N10: =SUMIFS(BOM_Data!$D:$D,BOM_Data!$A:$A,9,BOM_Data!$C:$C,"Gold") -> 0 | O10: =SUMIFS(BOM_Data!$D:$D,BOM_Data!$A:$A,9,BOM_Data!$C:$C,"Silver") -> 0 | P10: =SUMIFS(BOM_Data!$D:$D,BOM_Data!$A:$A,9,BOM_Data!$C:$C,"Palladium") -> 0 | Q10: =SUMIFS(BOM_Data!$D:$D,BOM_Data!$A:$A,9,BOM_Data!$C:$C,"Other") -> 0 | R10: =SUM(B10:Q10) -> 3
A11: Comm transceivers ~10x | B11: =SUMIFS(BOM_Data!$D:$D,BOM_Data!$A:$A,10,BOM_Data!$C:$C,"Aluminium") -> 0 | C11: =SUMIFS(BOM_Data!$D:$D,BOM_Data!$A:$A,10,BOM_Data!$C:$C,"Copper") -> 0.5 | D11: =SUMIFS(BOM_Data!$D:$D,BOM_Data!$A:$A,10,BOM_Data!$C:$C,"Polymers/epoxy") -> 0.85 | E11: =SUMIFS(BOM_Data!$D:$D,BOM_Data!$A:$A,10,BOM_Data!$C:$C,"Glass fibre") -> 0 | F11: =SUMIFS(BOM_Data!$D:$D,BOM_Data!$A:$A,10,BOM_Data!$C:$C,"Ceramics") -> 0 | G11: =SUMIFS(BOM_Data!$D:$D,BOM_Data!$A:$A,10,BOM_Data!$C:$C,"Steel/Fe") -> 0 | H11: =SUMIFS(BOM_Data!$D:$D,BOM_Data!$A:$A,10,BOM_Data!$C:$C,"Silicone") -> 0 | I11: =SUMIFS(BOM_Data!$D:$D,BOM_Data!$A:$A,10,BOM_Data!$C:$C,"Tin (solder)") -> 0 | J11: =SUMIFS(BOM_Data!$D:$D,BOM_Data!$A:$A,10,BOM_Data!$C:$C,"Silicon") -> 0.15 | K11: =SUMIFS(BOM_Data!$D:$D,BOM_Data!$A:$A,10,BOM_Data!$C:$C,"Mixed terminations") -> 0 | L11: =SUMIFS(BOM_Data!$D:$D,BOM_Data!$A:$A,10,BOM_Data!$C:$C,"Nickel") -> 0 | M11: =SUMIFS(BOM_Data!$D:$D,BOM_Data!$A:$A,10,BOM_Data!$C:$C,"Tantalum") -> 0 | N11: =SUMIFS(BOM_Data!$D:$D,BOM_Data!$A:$A,10,BOM_Data!$C:$C,"Gold") -> 0 | O11: =SUMIFS(BOM_Data!$D:$D,BOM_Data!$A:$A,10,BOM_Data!$C:$C,"Silver") -> 0 | P11: =SUMIFS(BOM_Data!$D:$D,BOM_Data!$A:$A,10,BOM_Data!$C:$C,"Palladium") -> 0 | Q11: =SUMIFS(BOM_Data!$D:$D,BOM_Data!$A:$A,10,BOM_Data!$C:$C,"Other") -> 0 | R11: =SUM(B11:Q11) -> 1.5
A12: Analog front-end 4-8x | B12: =SUMIFS(BOM_Data!$D:$D,BOM_Data!$A:$A,11,BOM_Data!$C:$C,"Aluminium") -> 0 | C12: =SUMIFS(BOM_Data!$D:$D,BOM_Data!$A:$A,11,BOM_Data!$C:$C,"Copper") -> 0.4 | D12: =SUMIFS(BOM_Data!$D:$D,BOM_Data!$A:$A,11,BOM_Data!$C:$C,"Polymers/epoxy") -> 0.7 | E12: =SUMIFS(BOM_Data!$D:$D,BOM_Data!$A:$A,11,BOM_Data!$C:$C,"Glass fibre") -> 0 | F12: =SUMIFS(BOM_Data!$D:$D,BOM_Data!$A:$A,11,BOM_Data!$C:$C,"Ceramics") -> 0 | G12: =SUMIFS(BOM_Data!$D:$D,BOM_Data!$A:$A,11,BOM_Data!$C:$C,"Steel/Fe") -> 0 | H12: =SUMIFS(BOM_Data!$D:$D,BOM_Data!$A:$A,11,BOM_Data!$C:$C,"Silicone") -> 0 | I12: =SUMIFS(BOM_Data!$D:$D,BOM_Data!$A:$A,11,BOM_Data!$C:$C,"Tin (solder)") -> 0 | J12: =SUMIFS(BOM_Data!$D:$D,BOM_Data!$A:$A,11,BOM_Data!$C:$C,"Silicon") -> 0.1 | K12: =SUMIFS(BOM_Data!$D:$D,BOM_Data!$A:$A,11,BOM_Data!$C:$C,"Mixed terminations") -> 0 | L12: =SUMIFS(BOM_Data!$D:$D,BOM_Data!$A:$A,11,BOM_Data!$C:$C,"Nickel") -> 0 | M12: =SUMIFS(BOM_Data!$D:$D,BOM_Data!$A:$A,11,BOM_Data!$C:$C,"Tantalum") -> 0 | N12: =SUMIFS(BOM_Data!$D:$D,BOM_Data!$A:$A,11,BOM_Data!$C:$C,"Gold") -> 0 | O12: =SUMIFS(BOM_Data!$D:$D,BOM_Data!$A:$A,11,BOM_Data!$C:$C,"Silver") -> 0 | P12: =SUMIFS(BOM_Data!$D:$D,BOM_Data!$A:$A,11,BOM_Data!$C:$C,"Palladium") -> 0 | Q12: =SUMIFS(BOM_Data!$D:$D,BOM_Data!$A:$A,11,BOM_Data!$C:$C,"Other") -> 0 | R12: =SUM(B12:Q12) -> 1.2
A13: Ta capacitors 4-16x | B13: =SUMIFS(BOM_Data!$D:$D,BOM_Data!$A:$A,12,BOM_Data!$C:$C,"Aluminium") -> 0 | C13: =SUMIFS(BOM_Data!$D:$D,BOM_Data!$A:$A,12,BOM_Data!$C:$C,"Copper") -> 0 | D13: =SUMIFS(BOM_Data!$D:$D,BOM_Data!$A:$A,12,BOM_Data!$C:$C,"Polymers/epoxy") -> 1.6 | E13: =SUMIFS(BOM_Data!$D:$D,BOM_Data!$A:$A,12,BOM_Data!$C:$C,"Glass fibre") -> 0 | F13: =SUMIFS(BOM_Data!$D:$D,BOM_Data!$A:$A,12,BOM_Data!$C:$C,"Ceramics") -> 0 | G13: =SUMIFS(BOM_Data!$D:$D,BOM_Data!$A:$A,12,BOM_Data!$C:$C,"Steel/Fe") -> 0 | H13: =SUMIFS(BOM_Data!$D:$D,BOM_Data!$A:$A,12,BOM_Data!$C:$C,"Silicone") -> 0 | I13: =SUMIFS(BOM_Data!$D:$D,BOM_Data!$A:$A,12,BOM_Data!$C:$C,"Tin (solder)") -> 0 | J13: =SUMIFS(BOM_Data!$D:$D,BOM_Data!$A:$A,12,BOM_Data!$C:$C,"Silicon") -> 0 | K13: =SUMIFS(BOM_Data!$D:$D,BOM_Data!$A:$A,12,BOM_Data!$C:$C,"Mixed terminations") -> 0 | L13: =SUMIFS(BOM_Data!$D:$D,BOM_Data!$A:$A,12,BOM_Data!$C:$C,"Nickel") -> 0 | M13: =SUMIFS(BOM_Data!$D:$D,BOM_Data!$A:$A,12,BOM_Data!$C:$C,"Tantalum") -> 0.9 | N13: =SUMIFS(BOM_Data!$D:$D,BOM_Data!$A:$A,12,BOM_Data!$C:$C,"Gold") -> 0 | O13: =SUMIFS(BOM_Data!$D:$D,BOM_Data!$A:$A,12,BOM_Data!$C:$C,"Silver") -> 0 | P13: =SUMIFS(BOM_Data!$D:$D,BOM_Data!$A:$A,12,BOM_Data!$C:$C,"Palladium") -> 0 | Q13: =SUMIFS(BOM_Data!$D:$D,BOM_Data!$A:$A,12,BOM_Data!$C:$C,"Other") -> 0 | R13: =SUM(B13:Q13) -> 2.5
A14: Passives/misc on-board | B14: =SUMIFS(BOM_Data!$D:$D,BOM_Data!$A:$A,13,BOM_Data!$C:$C,"Aluminium") -> 3.3 | C14: =SUMIFS(BOM_Data!$D:$D,BOM_Data!$A:$A,13,BOM_Data!$C:$C,"Copper") -> 0 | D14: =SUMIFS(BOM_Data!$D:$D,BOM_Data!$A:$A,13,BOM_Data!$C:$C,"Polymers/epoxy") -> 1.6 | E14: =SUMIFS(BOM_Data!$D:$D,BOM_Data!$A:$A,13,BOM_Data!$C:$C,"Glass fibre") -> 0 | F14: =SUMIFS(BOM_Data!$D:$D,BOM_Data!$A:$A,13,BOM_Data!$C:$C,"Ceramics") -> 25 | G14: =SUMIFS(BOM_Data!$D:$D,BOM_Data!$A:$A,13,BOM_Data!$C:$C,"Steel/Fe") -> 5 | H14: =SUMIFS(BOM_Data!$D:$D,BOM_Data!$A:$A,13,BOM_Data!$C:$C,"Silicone") -> 0 | I14: =SUMIFS(BOM_Data!$D:$D,BOM_Data!$A:$A,13,BOM_Data!$C:$C,"Tin (solder)") -> 0 | J14: =SUMIFS(BOM_Data!$D:$D,BOM_Data!$A:$A,13,BOM_Data!$C:$C,"Silicon") -> 0 | K14: =SUMIFS(BOM_Data!$D:$D,BOM_Data!$A:$A,13,BOM_Data!$C:$C,"Mixed terminations") -> 10 | L14: =SUMIFS(BOM_Data!$D:$D,BOM_Data!$A:$A,13,BOM_Data!$C:$C,"Nickel") -> 0 | M14: =SUMIFS(BOM_Data!$D:$D,BOM_Data!$A:$A,13,BOM_Data!$C:$C,"Tantalum") -> 0 | N14: =SUMIFS(BOM_Data!$D:$D,BOM_Data!$A:$A,13,BOM_Data!$C:$C,"Gold") -> 0.0317 | O14: =SUMIFS(BOM_Data!$D:$D,BOM_Data!$A:$A,13,BOM_Data!$C:$C,"Silver") -> 0.0593 | P14: =SUMIFS(BOM_Data!$D:$D,BOM_Data!$A:$A,13,BOM_Data!$C:$C,"Palladium") -> 0.0055 | Q14: =SUMIFS(BOM_Data!$D:$D,BOM_Data!$A:$A,13,BOM_Data!$C:$C,"Other") -> 0 | R14: =SUM(B14:Q14) -> 44.9965
A15: Solder joints (SAC305) | B15: =SUMIFS(BOM_Data!$D:$D,BOM_Data!$A:$A,14,BOM_Data!$C:$C,"Aluminium") -> 0 | C15: =SUMIFS(BOM_Data!$D:$D,BOM_Data!$A:$A,14,BOM_Data!$C:$C,"Copper") -> 0 | D15: =SUMIFS(BOM_Data!$D:$D,BOM_Data!$A:$A,14,BOM_Data!$C:$C,"Polymers/epoxy") -> 0 | E15: =SUMIFS(BOM_Data!$D:$D,BOM_Data!$A:$A,14,BOM_Data!$C:$C,"Glass fibre") -> 0 | F15: =SUMIFS(BOM_Data!$D:$D,BOM_Data!$A:$A,14,BOM_Data!$C:$C,"Ceramics") -> 0 | G15: =SUMIFS(BOM_Data!$D:$D,BOM_Data!$A:$A,14,BOM_Data!$C:$C,"Steel/Fe") -> 0 | H15: =SUMIFS(BOM_Data!$D:$D,BOM_Data!$A:$A,14,BOM_Data!$C:$C,"Silicone") -> 0 | I15: =SUMIFS(BOM_Data!$D:$D,BOM_Data!$A:$A,14,BOM_Data!$C:$C,"Tin (solder)") -> 3.9 | J15: =SUMIFS(BOM_Data!$D:$D,BOM_Data!$A:$A,14,BOM_Data!$C:$C,"Silicon") -> 0 | K15: =SUMIFS(BOM_Data!$D:$D,BOM_Data!$A:$A,14,BOM_Data!$C:$C,"Mixed terminations") -> 0 | L15: =SUMIFS(BOM_Data!$D:$D,BOM_Data!$A:$A,14,BOM_Data!$C:$C,"Nickel") -> 0 | M15: =SUMIFS(BOM_Data!$D:$D,BOM_Data!$A:$A,14,BOM_Data!$C:$C,"Tantalum") -> 0 | N15: =SUMIFS(BOM_Data!$D:$D,BOM_Data!$A:$A,14,BOM_Data!$C:$C,"Gold") -> 0 | O15: =SUMIFS(BOM_Data!$D:$D,BOM_Data!$A:$A,14,BOM_Data!$C:$C,"Silver") -> 0 | P15: =SUMIFS(BOM_Data!$D:$D,BOM_Data!$A:$A,14,BOM_Data!$C:$C,"Palladium") -> 0 | Q15: =SUMIFS(BOM_Data!$D:$D,BOM_Data!$A:$A,14,BOM_Data!$C:$C,"Other") -> 0 | R15: =SUM(B15:Q15) -> 3.9
A16: Thermal interface material | B16: =SUMIFS(BOM_Data!$D:$D,BOM_Data!$A:$A,15,BOM_Data!$C:$C,"Aluminium") -> 0 | C16: =SUMIFS(BOM_Data!$D:$D,BOM_Data!$A:$A,15,BOM_Data!$C:$C,"Copper") -> 0 | D16: =SUMIFS(BOM_Data!$D:$D,BOM_Data!$A:$A,15,BOM_Data!$C:$C,"Polymers/epoxy") -> 0 | E16: =SUMIFS(BOM_Data!$D:$D,BOM_Data!$A:$A,15,BOM_Data!$C:$C,"Glass fibre") -> 0 | F16: =SUMIFS(BOM_Data!$D:$D,BOM_Data!$A:$A,15,BOM_Data!$C:$C,"Ceramics") -> 0 | G16: =SUMIFS(BOM_Data!$D:$D,BOM_Data!$A:$A,15,BOM_Data!$C:$C,"Steel/Fe") -> 0 | H16: =SUMIFS(BOM_Data!$D:$D,BOM_Data!$A:$A,15,BOM_Data!$C:$C,"Silicone") -> 8 | I16: =SUMIFS(BOM_Data!$D:$D,BOM_Data!$A:$A,15,BOM_Data!$C:$C,"Tin (solder)") -> 0 | J16: =SUMIFS(BOM_Data!$D:$D,BOM_Data!$A:$A,15,BOM_Data!$C:$C,"Silicon") -> 0 | K16: =SUMIFS(BOM_Data!$D:$D,BOM_Data!$A:$A,15,BOM_Data!$C:$C,"Mixed terminations") -> 0 | L16: =SUMIFS(BOM_Data!$D:$D,BOM_Data!$A:$A,15,BOM_Data!$C:$C,"Nickel") -> 0 | M16: =SUMIFS(BOM_Data!$D:$D,BOM_Data!$A:$A,15,BOM_Data!$C:$C,"Tantalum") -> 0 | N16: =SUMIFS(BOM_Data!$D:$D,BOM_Data!$A:$A,15,BOM_Data!$C:$C,"Gold") -> 0 | O16: =SUMIFS(BOM_Data!$D:$D,BOM_Data!$A:$A,15,BOM_Data!$C:$C,"Silver") -> 0 | P16: =SUMIFS(BOM_Data!$D:$D,BOM_Data!$A:$A,15,BOM_Data!$C:$C,"Palladium") -> 0 | Q16: =SUMIFS(BOM_Data!$D:$D,BOM_Data!$A:$A,15,BOM_Data!$C:$C,"Other") -> 0 | R16: =SUM(B16:Q16) -> 8
A17: Conformal coating | B17: =SUMIFS(BOM_Data!$D:$D,BOM_Data!$A:$A,16,BOM_Data!$C:$C,"Aluminium") -> 0 | C17: =SUMIFS(BOM_Data!$D:$D,BOM_Data!$A:$A,16,BOM_Data!$C:$C,"Copper") -> 0 | D17: =SUMIFS(BOM_Data!$D:$D,BOM_Data!$A:$A,16,BOM_Data!$C:$C,"Polymers/epoxy") -> 3 | E17: =SUMIFS(BOM_Data!$D:$D,BOM_Data!$A:$A,16,BOM_Data!$C:$C,"Glass fibre") -> 0 | F17: =SUMIFS(BOM_Data!$D:$D,BOM_Data!$A:$A,16,BOM_Data!$C:$C,"Ceramics") -> 0 | G17: =SUMIFS(BOM_Data!$D:$D,BOM_Data!$A:$A,16,BOM_Data!$C:$C,"Steel/Fe") -> 0 | H17: =SUMIFS(BOM_Data!$D:$D,BOM_Data!$A:$A,16,BOM_Data!$C:$C,"Silicone") -> 0 | I17: =SUMIFS(BOM_Data!$D:$D,BOM_Data!$A:$A,16,BOM_Data!$C:$C,"Tin (solder)") -> 0 | J17: =SUMIFS(BOM_Data!$D:$D,BOM_Data!$A:$A,16,BOM_Data!$C:$C,"Silicon") -> 0 | K17: =SUMIFS(BOM_Data!$D:$D,BOM_Data!$A:$A,16,BOM_Data!$C:$C,"Mixed terminations") -> 0 | L17: =SUMIFS(BOM_Data!$D:$D,BOM_Data!$A:$A,16,BOM_Data!$C:$C,"Nickel") -> 0 | M17: =SUMIFS(BOM_Data!$D:$D,BOM_Data!$A:$A,16,BOM_Data!$C:$C,"Tantalum") -> 0 | N17: =SUMIFS(BOM_Data!$D:$D,BOM_Data!$A:$A,16,BOM_Data!$C:$C,"Gold") -> 0 | O17: =SUMIFS(BOM_Data!$D:$D,BOM_Data!$A:$A,16,BOM_Data!$C:$C,"Silver") -> 0 | P17: =SUMIFS(BOM_Data!$D:$D,BOM_Data!$A:$A,16,BOM_Data!$C:$C,"Palladium") -> 0 | Q17: =SUMIFS(BOM_Data!$D:$D,BOM_Data!$A:$A,16,BOM_Data!$C:$C,"Other") -> 0 | R17: =SUM(B17:Q17) -> 3
A18: Labels/adhesives/misc | B18: =SUMIFS(BOM_Data!$D:$D,BOM_Data!$A:$A,17,BOM_Data!$C:$C,"Aluminium") -> 0 | C18: =SUMIFS(BOM_Data!$D:$D,BOM_Data!$A:$A,17,BOM_Data!$C:$C,"Copper") -> 0 | D18: =SUMIFS(BOM_Data!$D:$D,BOM_Data!$A:$A,17,BOM_Data!$C:$C,"Polymers/epoxy") -> 5 | E18: =SUMIFS(BOM_Data!$D:$D,BOM_Data!$A:$A,17,BOM_Data!$C:$C,"Glass fibre") -> 0 | F18: =SUMIFS(BOM_Data!$D:$D,BOM_Data!$A:$A,17,BOM_Data!$C:$C,"Ceramics") -> 0 | G18: =SUMIFS(BOM_Data!$D:$D,BOM_Data!$A:$A,17,BOM_Data!$C:$C,"Steel/Fe") -> 0 | H18: =SUMIFS(BOM_Data!$D:$D,BOM_Data!$A:$A,17,BOM_Data!$C:$C,"Silicone") -> 0 | I18: =SUMIFS(BOM_Data!$D:$D,BOM_Data!$A:$A,17,BOM_Data!$C:$C,"Tin (solder)") -> 0 | J18: =SUMIFS(BOM_Data!$D:$D,BOM_Data!$A:$A,17,BOM_Data!$C:$C,"Silicon") -> 0 | K18: =SUMIFS(BOM_Data!$D:$D,BOM_Data!$A:$A,17,BOM_Data!$C:$C,"Mixed terminations") -> 0 | L18: =SUMIFS(BOM_Data!$D:$D,BOM_Data!$A:$A,17,BOM_Data!$C:$C,"Nickel") -> 0 | M18: =SUMIFS(BOM_Data!$D:$D,BOM_Data!$A:$A,17,BOM_Data!$C:$C,"Tantalum") -> 0 | N18: =SUMIFS(BOM_Data!$D:$D,BOM_Data!$A:$A,17,BOM_Data!$C:$C,"Gold") -> 0 | O18: =SUMIFS(BOM_Data!$D:$D,BOM_Data!$A:$A,17,BOM_Data!$C:$C,"Silver") -> 0 | P18: =SUMIFS(BOM_Data!$D:$D,BOM_Data!$A:$A,17,BOM_Data!$C:$C,"Palladium") -> 0 | Q18: =SUMIFS(BOM_Data!$D:$D,BOM_Data!$A:$A,17,BOM_Data!$C:$C,"Other") -> 0 | R18: =SUM(B18:Q18) -> 5
A19: DEVICE TOTAL | R19: =SUM(R2:R18) -> 660.1565

Sheet By_Material
A1: Material | B1: Mass_g | C1: % of device | D1: Mass_mg | E1: Found in components
A2: Aluminium | B2: =SUMIFS(BOM_Data!$D:$D,BOM_Data!$C:$C,"Aluminium") -> 442.3 | C2: =B2/SUM($B$2:$B$17) -> 0.66999265 | D2: =B2*1000 -> 442300 | E2: Housing; Connector shells; on-board (passives)
A3: Copper | B3: =SUMIFS(BOM_Data!$D:$D,BOM_Data!$C:$C,"Copper") -> 57.75 | C3: =B3/SUM($B$2:$B$17) -> 0.087479257 | D3: =B3*1000 -> 57750 | E3: PCB foils; contacts; leadframes; terminations
A4: Polymers/epoxy | B4: =SUMIFS(BOM_Data!$D:$D,BOM_Data!$C:$C,"Polymers/epoxy") -> 56.85 | C4: =B4/SUM($B$2:$B$17) -> 0.086115944 | D4: =B4*1000 -> 56850 | E4: FR-4 resin; molds; inserts; coating; labels
A5: Glass fibre | B5: =SUMIFS(BOM_Data!$D:$D,BOM_Data!$C:$C,"Glass fibre") -> 29 | C5: =B5/SUM($B$2:$B$17) -> 0.043928977 | D5: =B5*1000 -> 29000 | E5: Bare PCB
A6: Ceramics | B6: =SUMIFS(BOM_Data!$D:$D,BOM_Data!$C:$C,"Ceramics") -> 25.6 | C6: =B6/SUM($B$2:$B$17) -> 0.038778684 | D6: =B6*1000 -> 25600 | E6: MLCCs/passives; IMU
A7: Steel/Fe | B7: =SUMIFS(BOM_Data!$D:$D,BOM_Data!$C:$C,"Steel/Fe") -> 17 | C7: =B7/SUM($B$2:$B$17) -> 0.02575147 | D7: =B7*1000 -> 17000 | E7: Fasteners; leads/shields
A8: Silicone | B8: =SUMIFS(BOM_Data!$D:$D,BOM_Data!$C:$C,"Silicone") -> 12.5 | C8: =B8/SUM($B$2:$B$17) -> 0.018934904 | D8: =B8*1000 -> 12500 | E8: TIM; connector seals
A9: Tin (solder) | B9: =SUMIFS(BOM_Data!$D:$D,BOM_Data!$C:$C,"Tin (solder)") -> 4.6 | C9: =B9/SUM($B$2:$B$17) -> 0.0069680447 | D9: =B9*1000 -> 4600 | E9: Solder joints; package balls
A10: Silicon | B10: =SUMIFS(BOM_Data!$D:$D,BOM_Data!$C:$C,"Silicon") -> 2.7 | C10: =B10/SUM($B$2:$B$17) -> 0.0040899393 | D10: =B10*1000 -> 2700 | E10: Semiconductor dies
A11: Mixed terminations | B11: =SUMIFS(BOM_Data!$D:$D,BOM_Data!$C:$C,"Mixed terminations") -> 10 | C11: =B11/SUM($B$2:$B$17) -> 0.015147923 | D11: =B11*1000 -> 10000 | E11: Passive terminations (Ni/Sn/Ag/Cu)
A12: Nickel | B12: =SUMIFS(BOM_Data!$D:$D,BOM_Data!$C:$C,"Nickel") -> 0.5 | C12: =B12/SUM($B$2:$B$17) -> 0.00075739616 | D12: =B12*1000 -> 500 | E12: Connector underplating; board
A13: Tantalum | B13: =SUMIFS(BOM_Data!$D:$D,BOM_Data!$C:$C,"Tantalum") -> 0.9 | C13: =B13/SUM($B$2:$B$17) -> 0.0013633131 | D13: =B13*1000 -> 900 | E13: Ta capacitors
A14: Gold | B14: =SUMIFS(BOM_Data!$D:$D,BOM_Data!$C:$C,"Gold") -> 0.0917 | C14: =B14/SUM($B$2:$B$17) -> 0.00013890646 | D14: =B14*1000 -> 91.7 | E14: Board (230 ppm [L]); connector plating [A]
A15: Silver | B15: =SUMIFS(BOM_Data!$D:$D,BOM_Data!$C:$C,"Silver") -> 0.0593 | C15: =B15/SUM($B$2:$B$17) -> 8.9827185e-05 | D15: =B15*1000 -> 59.3 | E15: Solder/terminations (430 ppm [L])
A16: Palladium | B16: =SUMIFS(BOM_Data!$D:$D,BOM_Data!$C:$C,"Palladium") -> 0.0055 | C16: =B16/SUM($B$2:$B$17) -> 8.3313578e-06 | D16: =B16*1000 -> 5.5 | E16: MLCC terminations (40 ppm [L])
A17: Other | B17: =SUMIFS(BOM_Data!$D:$D,BOM_Data!$C:$C,"Other") -> 0.3 | C17: =B17/SUM($B$2:$B$17) -> 0.0004544377 | D17: =B17*1000 -> 300 | E17: Processors misc
A18: TOTAL | B18: =SUM(B2:B17) -> 660.1565
